alpha_id,expression,universe,delay,decay,truncation,neutralization,sharpe,fitness,turnover,returns,drawdown,checks_passed,checks_total,status
MPbepwNk,"rank(multiply(-1, ts_corr(high, volume, 20)))",TOP3000,0,5,0.01,SECTOR,1.14,0.75,0.1731,0,0,5,8,FAILED_LOW_SHARPE
rKb06A8J,"normalize(ts_decay_linear(implied_volatility_mean_skew_360, 20))",TOP3000,0,16,0.01,MARKET,1.03,0.7,0.2331,0,0,3,8,FAILED_LOW_SHARPE
QPnNe37r,"rank(multiply(-1, ts_corr(cap, volume, 30)))",TOP3000,0,3,0.01,SECTOR,1.0,0.68,0.1426,0,0,5,8,FAILED_LOW_SHARPE
QPnO7kkM,"rank(multiply(-1, ts_corr(cap, volume, 20)))",TOP3000,0,4,0.01,SECTOR,1.01,0.6,0.182,0,0,5,8,FAILED_LOW_SHARPE
mLqdoNxE,"rank(multiply(-1, ts_corr(low, volume, 20)))",TOP3000,0,4,0.01,SECTOR,1.01,0.58,0.186,0,0,4,8,FAILED_LOW_SHARPE
ZYjXmEd8,"rank(multiply(-1, ts_corr(close, volume, 20)))",TOP3000,0,4,0.01,SUBINDUSTRY,1.03,0.54,0.1914,0,0,4,8,FAILED_LOW_SHARPE
LLnEXLZ6,"zscore(multiply(-1, ts_corr(close, volume, 20)))",TOP3000,0,4,0.01,SUBINDUSTRY,1.01,0.53,0.1975,0,0,4,8,FAILED_LOW_SHARPE
GrnXbZpP,"normalize(multiply(-1, ts_corr(close, volume, 20)))",TOP3000,0,4,0.01,SUBINDUSTRY,1.01,0.53,0.1976,0,0,4,8,FAILED_LOW_SHARPE
d5nYW0wj,"quantile(multiply(-1, ts_corr(close, volume, 20)), driver=""gaussian"")",TOP3000,0,4,0.01,SUBINDUSTRY,1.0,0.53,0.2029,0,0,4,8,FAILED_LOW_SHARPE
